Year,Competition,Guidelines,Brewer,Beer,Flight Medal,BOS Medal
2010,London & Southeast,NGWBJ,Pete Hughes,Riwaka APA,gold,gold
2010,London & Southeast,NGWBJ,Rob Case,Good Companions Old Ale,silver,
2010,London & Southeast,NGWBJ,Nick Addington,Hoppiness Is An IPA,gold,
2010,London & Southeast,NGWBJ,Nick Addington,Simcoe Amber,silver,
2010,London & Southeast,NGWBJ,Nick Reese,Imperial Stout,gold,
2010,London & Southeast,NGWBJ,Mick Harrison,Independence Pale Ale,silver,
2011,London & Southeast,BJCP 2008,David Wilton,Little Brother,silver,
2011,London & Southeast,BJCP 2008,Gregg Irwin,Decadence Stout,gold,
2011,London & Southeast,BJCP 2008,Gregg Irwin,Roaring Queen,silver,
2011,London & Southeast,BJCP 2008,Paul Henderson,Left Over IPA,gold,
2011,London & Southeast,BJCP 2008,Simon Poffley,Higham Hill Special,gold,
2011,London & Southeast,BJCP 2008,Bryan Spooner,Barley One,silver,
2011,UK National Homebrew Competition,BJCP 2008,Dave Halse,DHA LAG,gold,
2011,UK National Homebrew Competition,BJCP 2008,Richard Pearce,Comp APA,gold,
2011,UK National Homebrew Competition,BJCP 2008,David Wilton,Summer Citra,gold,
2011,London & Southeast,BJCP 2008,Mick Harrison,Street Party Bitter,bronze,
2011,London & Southeast,BJCP 2008,Mick Harrison,Howard Hughes Ruby Mild,bronze,
2011,London & Southeast,BJCP 2008,Tom Greasley,Sarcastro Stout,gold,gold
2011,London & Southeast,BJCP 2008,Rob Case,Scarecrow Mild,gold,
2011,London & Southeast,BJCP 2008,Rob Case,Passing Time,bronze,
2012,London & Southeast,BJCP 2008,Ken Bazley,Polish Bitter,gold,
2012,UK National Homebrew Competition,BJCP 2008,Dave Halse,Mysmokedporter,bronze,
2012,UK National Homebrew Competition,BJCP 2008,Dave Halse,Mybarleywine,silver,
2012,UK National Homebrew Competition,BJCP 2008,Ken Bazley,Coconut Porter,gold,
2012,UK National Homebrew Competition,BJCP 2008,Ken Bazley,Altbier,bronze,
2012,UK National Homebrew Competition,BJCP 2008,Tom Greasley,The Red Scare,bronze,
2012,UK National Homebrew Competition,BJCP 2008,Richard Pearce,Strong Bitter,bronze,
2012,UK National Homebrew Competition,BJCP 2008,Matt Barker,Disconnecty Belgian IPA,gold,
2012,UK National Homebrew Competition,BJCP 2008,Matt Barker,Prodigal American Pale Ale,silver,
2012,UK National Homebrew Competition,BJCP 2008,Mark Charlwood,Summer Pale,silver,
2012,UK National Homebrew Competition,BJCP 2008,Bryan Spooner,Sadako Imperial Stout,bronze,
2012,London & Southeast,BJCP 2008,Dave Halse,Wood-aged Chocolate Stout,bronze,
2012,London & Southeast,BJCP 2008,Dave Halse,Belgian Pale Ale,silver,
2012,London & Southeast,BJCP 2008,Dave Halse,Smoked Porter,gold,
2012,London & Southeast,BJCP 2008,Peter Bamford,Coconut Porter,silver,
2012,London & Southeast,BJCP 2008,Andy Parker,American IPA,bronze,
2012,UK National Homebrew Competition,BJCP 2008,Dave Halse,Mystrawraspb,gold,bronze
2012,London & Southeast,BJCP 2008,Paul Henderson,Mild,bronze,
2012,London & Southeast,BJCP 2008,Drew Wnek,Happy Thanksgiving London,gold,
2012,London & Southeast,BJCP 2008,Paul Spearman,ESB,bronze,
2012,London & Southeast,BJCP 2008,Tom Johnstone,Kolsch,bronze,
2012,London & Southeast,BJCP 2008,Rob Case,Robust Porter,gold,
2013,London & Southeast,BJCP 2008,Dave Halse,Belgian Pale Ale,silver,
2013,Essex Wine Federation Annual Show,NGWBJ,Ken Bazley,Boho Pils,silver,
2013,Essex Wine Federation Annual Show,NGWBJ,Ken Bazley,Extra Stout,gold,
2013,Essex Wine Federation Annual Show,NGWBJ,Ken Bazley,Hop Gun,gold,
2013,Essex Wine Federation Annual Show,NGWBJ,Ken Bazley,Admiral IPA,gold,
2013,UK National Homebrew Competition,BJCP 2008,Richard Pearce,Bristol Homebrew Comp APA,silver,
2013,UK National Homebrew Competition,BJCP 2008,David Wilton,Summer Citra,silver,
2013,UK National Homebrew Competition,BJCP 2008,Dave Halse,DHA SP,bronze,
2013,UK National Homebrew Competition,BJCP 2008,Dave Halse,DHA LAG,gold,
2013,London & Southeast,BJCP 2008,Andy Parker,Imperial IPA,silver,
2013,London & Southeast,BJCP 2008,Sean Cummins,Smooth Black (Stout),bronze,
2013,London & Southeast,BJCP 2008,Drew Wnek,Naturale De Cherry,bronze,
2013,London & Southeast,BJCP 2008,Mark Vincent,Spring Heeled Jack (Bitter),gold,
2013,London & Southeast,BJCP 2008,Mike Carter,X Wye Z (ESB),silver,
2013,London & Southeast,BJCP 2008,Jonathan Stewart,Urban Fox Black IPA,gold,
2013,London & Southeast,BJCP 2008,Darren Oakley,Late Summer Blonde,silver,
2013,London & Southeast,BJCP 2008,Darren Oakley,"American Pale (Citra, Simcoe)",gold,silver
2013,London & Southeast,BJCP 2008,Andy Ortega,Easy Drinker,silver,
2013,London & Southeast,BJCP 2008,Pete Hughes,Better Than Dave’s Porter,bronze,
2013,London & Southeast,BJCP 2008,Mick Harrison,Choccy Woccy Stout,silver,
2013,London & Southeast,BJCP 2008,Mick Harrison,Farmgirl Saison,gold,
2013,London & Southeast,BJCP 2008,Rich Lock,Hop You (IPA),gold,
2013,London & Southeast,BJCP 2008,Lee Immins,Emergency Summer IPA,bronze,
2013,London & Southeast,BJCP 2008,Lee Immins,Campfire Stout,silver,
2013,London & Southeast,BJCP 2008,Phill Turner,Amazin’ Saisin,silver,
2013,London & Southeast,BJCP 2008,Dave Halse,Am Pils,bronze,
2013,London & Southeast,BJCP 2008,Dave Halse,Belgian Dark Star,silver,
2013,London & Southeast,BJCP 2008,Dave Halse,Barley Wine,gold,gold
2013,London & Southeast,BJCP 2008,Dave Halse,Stout,gold,bronze
2014,London & Southeast,BJCP 2008,Phill Turner,Eltham Special Bitter,bronze,
2014,London & Southeast,BJCP 2008,Phill Turner,Eva Pils,silver,
2014,UK National Homebrew Competition,BJCP 2008,Paul Spearman,Roggenbier,bronze,
2014,UK National Homebrew Competition,BJCP 2008,Andrew Drinkwater,Hello My Name Is Ineta,bronze,
2014,UK National Homebrew Competition,BJCP 2008,Andrew Drinkwater,Garden Herb Saison,gold,
2014,UK National Homebrew Competition,BJCP 2008,Rich Lock,Retribution IPA,gold,
2014,UK National Homebrew Competition,BJCP 2008,Rich Lock,Retribution RIS,gold,
2014,UK National Homebrew Competition,BJCP 2008,Lee Immins,Simian's Wee Heavy,gold,
2014,UK National Homebrew Competition,BJCP 2008,Phill Turner,Essex Barleywine,silver,
2014,UK National Homebrew Competition,BJCP 2008,Phill Turner,Chien Noir,silver,
2014,UK National Homebrew Competition,BJCP 2008,Phill Turner,Eva Pils,silver,
2014,UK National Homebrew Competition,BJCP 2008,Phill Turner,1835,gold,
2014,UK National Homebrew Competition,BJCP 2008,Phill Turner,Vest Male Dubbel,gold,silver
2014,London & Southeast,BJCP 2008,Joshua Walker,Brown Ale,bronze,
2014,London & Southeast,BJCP 2008,Paul Henderson,Wisp of Smoke,bronze,
2014,London & Southeast,BJCP 2008,Mark Vincent,7305 Days of Bliss,silver,
2014,London & Southeast,BJCP 2008,Jonathan Stewart,Urban Fox,gold,bronze
2014,London & Southeast,BJCP 2008,Andrew Drinkwater,Saison A,silver,
2014,London & Southeast,BJCP 2008,Andrew Drinkwater,Shepherds Bush Common,gold,
2014,London & Southeast,BJCP 2008,Andy Ortega,Beauty,bronze,
2014,London & Southeast,BJCP 2008,Andy Ortega,Classic Saison,gold,silver
2014,London & Southeast,BJCP 2008,Josh Smith,Sasquatch Black IPA,gold,gold
2014,London & Southeast,BJCP 2008,Rich Lock,Retribution East India Porter,silver,
2014,London & Southeast,BJCP 2008,Lee Immins,Old Bastard,silver,
2014,London & Southeast,BJCP 2008,Lee Immins,Simian's Wee Heavy,gold,
2014,London & Southeast,BJCP 2008,Phill Turner,Musketeer,bronze,
2014,London & Southeast,BJCP 2008,Andy Parker,West Coast IPA,silver,
2014,London & Southeast,BJCP 2008,Craig Carmichael,Twos And Threes,gold,
2014,London & Southeast,BJCP 2008,Andrew Backwell,Letterbox Oatmeal Stout,silver,
2014,London & Southeast,BJCP 2008,Paul Evans,Abbaye De Morden Tripel,bronze,
2014,London & Southeast,BJCP 2008,Alex Gardiner,Liberty Cream Ale,bronze,
2014,London & Southeast,BJCP 2008,Dan Harris,String Theory,bronze,
2014,London & Southeast,BJCP 2008,Phill Turner,Essex Barleywine,silver,
2015,Black Friday Homebrew Competition,BJCP 2015,John Lathouwers,The 1881,silver,
2015,Black Friday Homebrew Competition,BJCP 2015,Manmohan Birdi,Man's IBS,silver,
2015,Black Friday Homebrew Competition,BJCP 2015,Barry Watts,Black Rod,gold,
2015,Black Friday Homebrew Competition,BJCP 2015,Todd Buchanan,T Black C,gold,
2015,Black Friday Homebrew Competition,BJCP 2015,Jonathan Goulding,DW Porter,gold,
2015,Black Friday Homebrew Competition,BJCP 2015,Nick Reese,White Top,bronze,
2015,Black Friday Homebrew Competition,BJCP 2015,Sean Cummins,Expresso Stout,silver,
2015,Black Friday Homebrew Competition,BJCP 2015,Mike Carter,Black Beauty,silver,
2015,Black Friday Homebrew Competition,BJCP 2015,Jeremiah Petersen,Domestic Tragedy,bronze,
2015,Black Friday Homebrew Competition,BJCP 2015,Jeremiah Petersen,Bildungsroman,gold,gold
2015,Black Friday Homebrew Competition,BJCP 2015,Rich Lock,Imperial Black Rye IPA,gold,silver
2015,Black Friday Homebrew Competition,BJCP 2015,Lee Immins,Bring Your Daughter To The Porter,gold,bronze
2015,Black Friday Homebrew Competition,BJCP 2015,Lee Immins,Tramp Hair Treacle Stout,gold,
2015,Black Friday Homebrew Competition,BJCP 2015,Phill Turner,1835 English Porter,silver,
2015,IV. Hrvatsko Homebrew Prvenstvo,BJCP 2008,Lee Immins,Imperious Old Bastard,silver,
2015,London & Southeast,BJCP 2008,Ken Bazley,LARISBRIS,silver,silver
2015,IV. Hrvatsko Homebrew Prvenstvo,BJCP 2008,Lee Immins,Black Ryeday Rye Stout,bronze,
2015,IV. Hrvatsko Homebrew Prvenstvo,BJCP 2008,Manmohan Birdi,Man's IBS,bronze,
2015,Bexley Festival,NGWBJ,Dave Halse,Smoked Porter,gold,gold
2015,London & Southeast,BJCP 2008,Lee Immins,Marooned Baboon Bitter,gold,
2015,London & Southeast,BJCP 2008,Lee Immins,1823,silver,
2015,London & Southeast,BJCP 2008,Lee Immins,Imperious Old Bastard,bronze,
2015,London & Southeast,BJCP 2008,Alex Allen,Sinead O'Stout,bronze,
2015,London & Southeast,BJCP 2008,Paul Evans,St Jude's Lager,bronze,
2015,London & Southeast,BJCP 2008,Joshua Walker,Barleywine,gold,
2015,London & Southeast,BJCP 2008,Sean Cummins,Rye Beer,silver,
2015,London & Southeast,BJCP 2008,Jonathan Finch,Three Graces IPA,bronze,
2015,London & Southeast,BJCP 2008,Jonathan Finch,Burton-on-Thames IPA,silver,
2015,London & Southeast,BJCP 2008,Drew Wnek,Lea Valley Steam,bronze,
2015,London & Southeast,BJCP 2008,Paul Spearman,Paul's IBS,bronze,
2015,London & Southeast,BJCP 2008,Paul Spearman,Paul's Bierre De Garde,gold,
2015,London & Southeast,BJCP 2008,Mike Carter,Pick Me Up,gold,
2015,London & Southeast,BJCP 2008,Josh Smith,Red Ruin & Redemption,bronze,
2015,London & Southeast,BJCP 2008,Josh Smith,Tesselation IPA,silver,
2015,London & Southeast,BJCP 2008,Mick Harrison,Southwold Pirate,bronze,
2015,London & Southeast,BJCP 2008,Mick Harrison,SpringBock,gold,bronze
2015,London & Southeast,BJCP 2008,Rich Lock,Retribution Saison,bronze,
2015,London & Southeast,BJCP 2008,Rich Lock,Pale Retribution,silver,
2015,UK National Homebrew Competition,BJCP 2015,Jacques Marais,Es Weiss Zwei,bronze,
2015,UK National Homebrew Competition,BJCP 2015,Tim Weenink,Velomobile,bronze,
2015,UK National Homebrew Competition,BJCP 2015,Jonathan Finch,Camberwell Fuggly,bronze,
2015,UK National Homebrew Competition,BJCP 2015,Jonathan Finch,Three Graces Tripel,silver,
2015,UK National Homebrew Competition,BJCP 2015,Ken Bazley,LARISBRIS,silver,
2015,UK National Homebrew Competition,BJCP 2015,Lee Immins,Fox & Groot,gold,
2015,UK National Homebrew Competition,BJCP 2015,Phill Turner,Gone For An Old Burton,silver,
2015,UK National Homebrew Competition,BJCP 2015,Phill Turner,Vest Male Tripel,gold,4th
2015,Black Friday Homebrew Competition,BJCP 2015,Claire Russell,Texas Tea,bronze,
2015,Black Friday Homebrew Competition,BJCP 2015,Steven Foster,Peckham Porter,silver,
2016,Brew Brighton,BJCP 2015,Mark Charlwood,New England IPA,bronze,
2016,Black Friday,BJCP 2015,Jeremiah Petersen,Milk Stout,bronze,
2016,Black Friday,BJCP 2015,Jeremiah Petersen,Chocolate Imperial Stout,gold,gold
2016,Black Friday,BJCP 2015,Fraser Withers,Harry Porter And The Goblet Of Fire,silver,
2016,Black Friday,BJCP 2015,Fraser Withers,Black Cat,gold,bronze
2016,Black Friday,BJCP 2015,Phill Turner,Georgijs Voshington Porter,gold,
2016,Black Friday,BJCP 2015,Phill Turner,Old Bastards Fag End,silver,
2016,Black Friday,BJCP 2015,Rob Gallagher,Kafka’s Dark Menace,silver,
2016,Black Friday,BJCP 2015,Mike Carter,You Do Something To Me,silver,
2016,Black Friday,BJCP 2015,Mike Carter,Black Diamond,bronze,
2016,Black Friday,BJCP 2015,Lee Immins,Bring Your Daughter To The Porter,bronze,
2016,Black Friday,BJCP 2015,Lee Immins,Tramp Hair Treacle Stout,gold,
2016,Black Friday,BJCP 2015,Richard Conroy,Barclay Perkins 1859 Export India Porter,bronze,
2016,Black Friday,BJCP 2015,Mark Sanderson,Eclipse,gold,
2016,Black Friday,BJCP 2015,Mark Charlwood,Dark Mild,silver,
2016,Black Friday,BJCP 2015,Tim Weenink,Dray Cart,silver,
2016,Black Friday,BJCP 2015,Alex Allen,Milk Stout,bronze,
2016,Black Friday,BJCP 2015,John Kellett,Oaty Cokey Resurrection,bronze,
2016,Black Friday,BJCP 2015,Josh Smith,Bourbon Borough Stout,gold,
2016,Black Friday,BJCP 2015,Stew Horne,Grubelsucht,gold,
2016,Black Friday,BJCP 2015,Paul Spearman,Paul’s Munich Dunkel,silver,
2016,Black Friday,BJCP 2015,Sasha Maznov,Grapefruit Ipa,silver,
2016,Bexley Festival,NGWBJ,Mark Sanderson,Other Beer (Kolsch),gold,gold
2016,Bexley Festival,NGWBJ,Phill Turner,Bitter,gold,
2016,UK National Homebrewing Competition,BJCP 2015,Dave Strachan,Rauch,gold,
2016,UK National Homebrewing Competition,BJCP 2015,Rich Lock,Retribution Dark Strong,gold,
2016,UK National Homebrewing Competition,BJCP 2015,Fraser Withers,Tea Junction,gold,
2016,UK National Homebrewing Competition,BJCP 2015,Fraser Withers,Crossroads,gold,
2016,UK National Homebrewing Competition,BJCP 2015,Lee Immins,Bring Your Daughter To The Porter,gold,
2016,UK National Homebrewing Competition,BJCP 2015,Sasha Maznov,WIPA,gold,
2016,UK National Homebrewing Competition,BJCP 2015,Sasha Maznov,Double,silver,
2016,UK National Homebrewing Competition,BJCP 2015,James Wilson,White Tiger,silver,
2016,UK National Homebrewing Competition,BJCP 2015,Phill Turner,Essex Barley Wine,silver,
2016,UK National Homebrewing Competition,BJCP 2015,Tim Weenink,Longing For Home,silver,
2016,UK National Homebrewing Competition,BJCP 2015,Tim Weenink,Dray Cart,silver,
2016,UK National Homebrewing Competition,BJCP 2015,Jeremiah Petersen,Educator,bronze,
2016,Briarbank Homebrew Competition,SIBA,Mark Sanderson,Daisycutter,gold,
2016,Welsh National,BJCP 2015,Lee Immins,Wee Bottled It,gold,
2016,Welsh National,BJCP 2015,Fraser Withers,Best Mate,gold,
2016,Welsh National,BJCP 2015,Fraser Withers,Cross Roads,silver,
2016,Welsh National,BJCP 2015,Fraser Withers,Raspberry Wheat,silver,
2016,Welsh National,BJCP 2015,Fraser Withers,Dragon Slayer,bronze,
2016,Welsh National,BJCP 2015,Rich Lock,IBS To My Friends,gold,
2016,Welsh National,BJCP 2015,Phill Turner,Georgijs Voshington Porter,silver,
2016,Welsh National,BJCP 2015,Phill Turner,Green Frog,bronze,
2016,Brew Brighton,BJCP 2015,Fraser Withers,Cross Roads,gold,
2016,Brew Brighton,BJCP 2015,Fraser Withers,Blue Jay,gold,
2016,Brew Brighton,BJCP 2015,Mike Carter,Dead Fly In The Wax,gold,bronze
2016,Brew Brighton,BJCP 2015,Phill Turner,Georgijs Voshington Porter,gold,gold
2016,Brew Brighton,BJCP 2015,Phill Turner,Not Ranke XX Bitter,silver,
2016,Brew Brighton,BJCP 2015,Mark Sanderson,Daisycutter,gold,
2016,Brew Brighton,BJCP 2015,Mark Sanderson,Amber Gambler,bronze,
2016,Brew Brighton,BJCP 2015,Matt Simmons,Seven Point Four IPA,silver,
2016,Brew Brighton,BJCP 2015,Paul Spearman,Paul's AAA,silver,
2016,Brew Brighton,BJCP 2015,Mark Charlwood,Falconer's Flight,silver,
2016,Brew Brighton,BJCP 2015,Jeremiah Petersen,Magical Realism,silver,
2016,Brew Brighton,BJCP 2015,James Wilson,Shot To Nothing,bronze,
2016,Brew Brighton,BJCP 2015,Jonathan Finch,Winston Salem Wheat,bronze,
2016,Piwobranie in Grodzisk Wielkopolski,Local Guidelines,Lee Immins,Piwo Perzyna,silver,
2016,V. Hrvatsko Homebrew Prvenstvo,BJCP 2015,Lee Immins,Ooldveek Tripel,bronze,
2016,V. Hrvatsko Homebrew Prvenstvo,BJCP 2015,Rich Lock,Retribution Barrel-Aged Imp Brown Stout,gold,
2016,London & Southeast,BJCP 2015,Lee Immins,Bring Your Daughter To The Porter,bronze,
2016,London & Southeast,BJCP 2015,Ken Bazley,Pivovar Bobek,gold,
2016,London & Southeast,BJCP 2015,Rich Lock,Imperial Cherryade,gold,
2016,London & Southeast,BJCP 2015,Rich Lock,RIS 2014 Batch,bronze,
2016,London & Southeast,BJCP 2015,Mike Carter,Whim-Wham,silver,
2016,London & Southeast,BJCP 2015,Paul Spearman,Paul's Old Ale,silver,
2016,London & Southeast,BJCP 2015,Sean Cummins,Albino Dubbel,bronze,
2016,London & Southeast,BJCP 2015,Mark Charlwood,"APA (Citra, Mosaic)",bronze,
2016,London & Southeast,BJCP 2015,Mark Charlwood,Golden Ale,bronze,
2016,London & Southeast,BJCP 2015,Tim Weenink,Big Black Buddy,silver,
2016,London & Southeast,BJCP 2015,Alex Allen,VBP,bronze,
2016,London & Southeast,BJCP 2015,John Kellett,Black Sunset,silver,
2016,London & Southeast,BJCP 2015,James Wilson,Big Cat,bronze,
2016,London & Southeast,BJCP 2015,Andrew Senior,Roll The Potato,bronze,
2016,NAWB National,NGWBJ,Phill Turner,Barleywine,gold,
2016,NAWB National,NGWBJ,Phill Turner,Gone For An Old Burton,silver,
2016,NAWB National,NGWBJ,Phill Turner,Stout,bronze,
2017,The Homebrew Festival,NGWBJ,Phill Turner,Bitter,bronze,
2017,Fast Like A Monk,BJCP 2015,Neal Irvin,Belgian Dark,bronze,
2017,Fast Like A Monk,BJCP 2015,Stew Horne,Two Ton Tripel,bronze,
2017,Fast Like A Monk,BJCP 2015,Phill Turner,Vest Male Patersbier,bronze,
2017,Fast Like A Monk,BJCP 2015,Jacques Marais,I'll Be Bock,bronze,
2017,Fast Like A Monk,BJCP 2015,Rob Gallagher,Karl's Global Liberator,silver,
2017,Fast Like A Monk,BJCP 2015,Richard Conroy,The Trouble With Tripels,gold,
2017,Fast Like A Monk,BJCP 2015,Luke Slisz,Dubbel The Adventure,gold,
2017,Fast Like A Monk,BJCP 2015,Mark Sanderson,Helliger Rauch,gold,
2017,Fast Like A Monk,BJCP 2015,Vincent Clifford,St. Reatham Single,gold,bronze
2017,Fast Like A Monk,BJCP 2015,Jeremiah Petersen,Conceit,silver,
2017,Fast Like A Monk,BJCP 2015,Jeremiah Petersen,Educator,gold,gold
2017,NAWB National,NGWBJ,Chris Pinnock,Dry Stout,silver,
2017,NAWB National,NGWBJ,Mike Carter,Porter,4th,
2017,NAWB National,NGWBJ,Mike Carter,Barley Wine,bronze,
2017,NAWB National,NGWBJ,Phill Turner,English IPA,silver,
2017,NAWB National,NGWBJ,Phill Turner,Porter,gold,
2017,NAWB National,NGWBJ,Phill Turner,Light Lager,gold,
2017,London & Southeast,BJCP 2015,Alex Allen,Sweet Stout,bronze,
2017,London & Southeast,BJCP 2015,Fraser Withers,Smooth Hands,bronze,
2017,London & Southeast,BJCP 2015,Sean Cummins,Blonde Tripel,bronze,
2017,London & Southeast,BJCP 2015,Phill Turner,Mr Goldings,silver,
2017,London & Southeast,BJCP 2015,Rich Lock,Retribution DIPA,silver,
2017,London & Southeast,BJCP 2015,Mark Sanderson,Catford Blonde,silver,
2017,London & Southeast,BJCP 2015,John Kellett,Oaty Cokey Resurrection,gold,
2017,London & Southeast,BJCP 2015,James Wilson,Saison D'etre,gold,
2017,London & Southeast,BJCP 2015,Paul Hadfield,Melonish,gold,
2017,London & Southeast,BJCP 2015,Rob Gallagher,Sklodowska' Oalen Heart,silver,
2017,London & Southeast,BJCP 2015,Rob Gallagher,Karl's Universal Liberator,gold,silver
2017,VI. Hrvatsko Homebrew Prvenstvo,BJCP 2015,Lee Immins,Ooldveek Single,silver,
2017,The Homebrew Festival,NGWBJ,Mike Carter,Porter,gold,gold
2017,Welsh National,BJCP 2015,Rich Lock,Retribution Porter,bronze,
2017,Welsh National,BJCP 2015,Phill Turner,Georgijs Voshington Porter,silver,
2017,Welsh National,BJCP 2015,Phill Turner,Mr Goldings,gold,
2017,Welsh National,BJCP 2015,Sam Whaley,Regency,gold,
2017,Welsh National,BJCP 2015,Lee Immins,Ooldveek Tripel,gold,
2017,Welsh National,BJCP 2015,Lee Immins,Man's IBS,gold,
2017,London vs Leeds New England IPA Challenge,BJCP 2015,Neal Irvin,NEIPA,bronze,
2017,London vs Leeds New England IPA Challenge,BJCP 2015,Fraser Withers,Welcome To Murkvile,gold,gold
2017,UK National Homebrewing Competition,BJCP 2015,Richard Clibborn,3 Phase Tripel,bronze,
2017,UK National Homebrewing Competition,BJCP 2015,Fraser Withers,Lemon Drop,bronze,
2017,UK National Homebrewing Competition,BJCP 2015,Fraser Withers,Death Star,silver,
2017,UK National Homebrewing Competition,BJCP 2015,Fraser Withers,Crossroads,silver,
2017,UK National Homebrewing Competition,BJCP 2015,Fraser Withers,Best Mate,silver,
2017,UK National Homebrewing Competition,BJCP 2015,Sasha Maznov,Saison IPA,silver,
2017,UK National Homebrewing Competition,BJCP 2015,Lee Immins,Knight,silver,
2017,UK National Homebrewing Competition,BJCP 2015,Rich Lock,Retribution DIPA,gold,
2017,UK National Homebrewing Competition,BJCP 2015,Paul Spearman,Paul's Old Ale,gold,
2017,UK National Homebrewing Competition,BJCP 2015,Mark Sanderson,Matt Monroe,gold,
2017,UK National Homebrewing Competition,BJCP 2015,Ken Bazley,Great Galah,gold,silver
2017,Bexley Festival,NGWBJ,Mark Sanderson,Other Beer (Kolsch),gold,
2017,Bexley Festival,NGWBJ,Mark Sanderson,Bitter,gold,gold
2017,Brew Con World Series,BJCP 2015,Rob Gallagher,Skłodowska's Oaken Heart,gold,
2017,Brew Con World Series,BJCP 2015,Richard Clibborn,3 Phase Tripel IPA,silver,
2017,Brew Con World Series,BJCP 2015,Mike Carter,Not A Boys' Bitter,silver,
2017,Brew Con World Series,BJCP 2015,Mark Sanderson,Perle's Cafe,bronze,
2017,Brew Con World Series,BJCP 2015,Mark Sanderson,Daisycutter,silver,
2017,Brew Con World Series,BJCP 2015,Lee Immins,Bring Your Daughter To The Porter,silver,
2017,Brew Con World Series,BJCP 2015,Mark Charlwood,Diet Dark Lord,bronze,
2017,Brew Con World Series,BJCP 2015,Fraser Withers,Blue Jay,silver,
2017,Brew Con World Series,BJCP 2015,Fraser Withers,Crossroads,silver,
2017,Brew Con World Series,BJCP 2015,Fraser Withers,Tea Junction,gold,
2017,Brew Con World Series,BJCP 2015,James Wilson,Saison Campsis,silver,
2017,Brew Con World Series,BJCP 2015,James Wilson,Fat Cat,silver,
2017,Brew Con World Series,BJCP 2015,James Wilson,Chocolate Bomb,silver,
2017,Brew Con World Series,BJCP 2015,James Wilson,Men Vs Wheat,silver,
2017,Black Friday,BJCP 2015,Neal Irvin,Darkside Of Paradise,silver,
2017,Black Friday,BJCP 2015,Ken Bazley,Rodenblack,bronze,
2017,Black Friday,BJCP 2015,Mark Sanderson,Friend Of Tom,silver,
2017,Black Friday,BJCP 2015,Mike Carter,A Bit Of Inner Darkness,HM,
2017,Black Friday,BJCP 2015,John Kellett,Not To Be Rushed,bronze,
2017,Black Friday,BJCP 2015,Devon Macdougall,Black Armadillo,bronze,
2017,Black Friday,BJCP 2015,Barry Watts,Mauby Stout,silver,
2017,Black Friday,BJCP 2015,Lee Immins,Bring Your Daughter To The Porter,HM,
2018,Welsh National,BJCP 2015,Mark Sanderson,Prickle Puss,silver,
2018,Manchester Mini Competition,BJCP 2015,Mark Sanderson,The Cats Bit Her,silver,
2018,Manchester Mini Competition,BJCP 2015,Mark Sanderson,Mark Smiled,silver,
2018,Welsh National,BJCP 2015,Stew Horne,I Am Not Lee Immins,bronze,
2018,All Hail Pale Homebrew Competition,BJCP 2015,Fraser Withers,Cool As A,bronze,
2018,All Hail Pale Homebrew Competition,BJCP 2015,Mark Charlwood,Traditional Lambic,silver,
2018,All Hail Pale Homebrew Competition,BJCP 2015,Lee Immins,Ooldveek Singel,gold,
2018,All Hail Pale Homebrew Competition,BJCP 2015,Stew Horne,Atomium,HM,
2018,All Hail Pale Homebrew Competition,BJCP 2015,Steve Smith,Thyme Of The Saison,gold,
2018,All Hail Pale Homebrew Competition,BJCP 2015,Sam Jones,Vans,silver,
2018,All Hail Pale Homebrew Competition,BJCP 2015,Jaques Marais,Happy Daze,bronze,
2018,All Hail Pale Homebrew Competition,BJCP 2015,Mark Sanderson,Dingy Bar,gold,bronze
2018,Hertford Brewing Club #1 The English Sessions,BJCP 2015,Dan Keeley,Green Griffin Special,silver,
2018,Hertford Brewing Club #1 The English Sessions,BJCP 2015,Robbie Gaston,Milky Mild (Lactose-Free!),silver,
2018,Hertford Brewing Club #1 The English Sessions,BJCP 2015,Paul Spearman,Paul's English Golden Ale,silver,
2018,Hertford Brewing Club #1 The English Sessions,BJCP 2015,Paul Spearman,Paul's Best Bitter,silver,
2018,Hertford Brewing Club #1 The English Sessions,BJCP 2015,Rob Gallagher,Franklin's Crystal Diffraction,gold,
2018,Hertford Brewing Club #1 The English Sessions,BJCP 2015,Mark Sanderson,Mark Smiled,gold,silver
2018,Hertford Brewing Club #1 The English Sessions,BJCP 2015,Mark Sanderson,Little Sunflower,gold,bronze
2018,Hertford Brewing Club #1 The English Sessions,BJCP 2015,Mark Sanderson,The Cats Bit Her,gold,
2018,Hertford Brewing Club #1 The English Sessions,BJCP 2015,Lee Immins,Bring Your Daughter To The Porter,gold,gold
2018,"NAWB National, 2018",NGWBJ,Chris Pinnock,Dry Stout,bronze,
2018,"NAWB National, 2018",NGWBJ,Chris Pinnock,English IPA,bronze,
2018,"NAWB National, 2018",NGWBJ,Chris Pinnock,Porter,bronze,
2018,"NAWB National, 2018",NGWBJ,Chris Pinnock,Youngers 60/- 60th Anniversary,gold,
2018,London & Southeast Craft Brewing Competition,BJCP 2015,Rob Gallagher,Rubens' Red Venus,HM,
2018,London & Southeast Craft Brewing Competition,BJCP 2015,Luke Slisz,Brett Beer,bronze,
2018,London & Southeast Craft Brewing Competition,BJCP 2015,Luke Slisz,Oud Bruin,bronze,
2018,London & Southeast Craft Brewing Competition,BJCP 2015,Mark Charlwood,Trappist Single,HM,
2018,London & Southeast Craft Brewing Competition,BJCP 2015,Richard Clibborn,3 Phase Tripel IPA,HM,
2018,London & Southeast Craft Brewing Competition,BJCP 2015,Fraser Withers,You Sexy Thing,gold,
2018,London & Southeast Craft Brewing Competition,BJCP 2015,Fraser Withers,Blue Jay,silver,
2018,London & Southeast Craft Brewing Competition,BJCP 2015,James Wilson,Careless,bronze,
2018,London & Southeast Craft Brewing Competition,BJCP 2015,Jacques Marais,Eis DIPA,silver,
2018,London & Southeast Craft Brewing Competition,BJCP 2015,Jacques Marais,Old Treacle,gold,
2018,London & Southeast Craft Brewing Competition,BJCP 2015,Alex Allen,Vbp,silver,
2018,London & Southeast Craft Brewing Competition,BJCP 2015,Alex Allen,Old John's Pale,silver,
2018,London & Southeast Craft Brewing Competition,BJCP 2015,Alex Allen,Old John's Lady,gold,
2018,London & Southeast Craft Brewing Competition,BJCP 2015,Richard Conroy,Tiderace,silver,
2018,London & Southeast Craft Brewing Competition,BJCP 2015,Devon MacDougall,Saison,bronze,
2018,London & Southeast Craft Brewing Competition,BJCP 2015,Devon MacDougall,$4 Rent,bronze,
2018,Welsh National,BJCP 2015,Fraser Withers,You Sexy Thing,gold,silver
2018,Welsh National,BJCP 2015,James Wilson,Careless,gold,
2018,Welsh National,BJCP 2015,Ian Cosier,Fall Line,silver,
2018,Welsh National,BJCP 2015,Ian Cosier,1741,bronze,
2018,Welsh National,BJCP 2015,Lee Immins,Bring Your Daughter To the Porter,gold,
2018,Welsh National,BJCP 2015,Mark Sanderson,Cat's Cradle,silver,
